{"train/loss": 7.4612, "train/grad_norm": 43.35676193237305, "train/learning_rate": 4.943735530070533e-05, "train/epoch": 0.03391883706844337, "train/global_step": 210, "_timestamp": 1745728221.2324412, "_runtime": 637.9415452480316, "_step": 20}